Indeks,Student,Ispiti
20180440,Sanja Grebovic,13S081M2
20050350,Biljana Stanojevic,
20210144,Luka Novakovic,13S111RMFP 13S113KDP 13S113AOR2 13S112BP1 13S082VS 13S114PMU
20190409,Elena Smolcic,13S114PP1 13S091EJN
20000161,Luka Jankovic,13S113PSI 13S052SIS
20200292,Mihajlo Stevanetic,13S113KDP 13S111P2 13S111PPK
20100423,Aleksandar Bubalo,13S111PP2 13S112PPK 13S113IS1 13S111P2
19950229,Marko Petrov,13S114PMU 13S113SS 13S113OS2 13S114MIPS
19990043,Jovana Zeljkovic,13S114PRS 13S113KDP 13S114VLSI 13S111ORT1
19990735,Sanja Tanasijevic,13S114IS2 13S112POS
20010414,Katarina Tonic,13S113TS
19950618,Darko Vucic,
20190449,Petar Cotra,13S042ODE 13S091EJN 13S113SS 13S113KDP
20160407,Stefan Stojnic,13S113TS 13S113PS 13S113RM2 13S113SS
20060292,Natalija Novakovic,13S081M1 13S082VS
20110442,Aleksandar Pavlovic,13S112BP1 13S113SS
20020511,Jelena Gajic,13S081M1 13S114PMU 13S091EJV 13S111PP2 13S113PSI 13S091EJN
20160410,Ilija Labudovic,13S111P1 13S114PIA 13S113TS
20050648,Dusica Marjanovic,13S111RMFP 13S113TS
20170711,Mateja Vujnovic,13S111ORT1 13S081PM1
20110183,Anastasija Vukasovic,13S081PM1 13S081M1 13S112POS 13S081M2 13S113RM2 13S113RG
20200505,Dragana Stefanovic,13S061OF 13S113BP2 13S114PRS
20110659,Jovan Brkovic,13S111P2 13S113TS 13S112ORT2 13S112ASP2 13S112AR
20090432,Viktor Urosevic,13S113SAB 13S081PM2 13S112BP1 13S112OO1
20140384,Andjela Antonijevic,13S112OO2 13S081M1 13S091EJV 13S091S
19970056,David Trajkovic,13S113SAB
20200688,Elena Tosic,13S113BP2 13S081PM1 13S053NM
20010057,Mateja Smolcic,13S114PRS 13S113RM2 13S114PIA
19950518,Sergej Ilic,
20210207,Milisav Pirgic,
20200404,Vladimir Cekerevac,13S114PIA 13S111PP1 13S113RM2 13S113AOR1 13S114MUPS 13S112BP1
19990413,Tadija Ristic,13S111P1 13S114MIPS 13S111P1 13S111P2 13S114VLSI
20010207,Nikola Trifunovic,13S081M2 13S112VD 13S114IS2 13S074IOA 13S113TS 13S113SS
19990222,Draga Eric,13S112ORT2 13S114PP1
19950504,Tamara Stancic,13S113IS 13S113IS1
20180160,Nina Petrovic,13S113IS1 13S112AR 13S113RM2 13S082VS 13S053NM
20150344,Nemanja Mitrovic,
19960145,Sanja Radivojevic,13S112VD 13S113SS 13S114PIA
19970269,Julija Cekerevac,13S113AOR2 13S114VLSI 13S112ASP2 13S082VS 13S114MUPS
20160409,Tadija Stefanovic,13S113AOR2
20080628,Zeljko Popovic,13S114PIA 13S111P2
20060124,Stefan Stefanovic,13S114VLSI 13S041OE 13S091EJN 13S091UM 13S111ASP1 13S042ODE
20200132,Biljana Vasovic,13S113USP 13S091S
19990240,Ana Djukic,13S111ASP1 13S114PIA 13S112OO2 13S113USP 13S081PM1 13S114MUPS
20210368,Milijan Djukic,13S074IOA 13S114PRS 13S112OS1 13S111ASP1 13S091EJV 13S113IS
19950321,David Vucinic,
20100368,Natalija Tanjevic,13S113KDP 13S112PPK 13S113RG 13S112AR 13S114VLSI
20140362,Mikan Joksic,13S112OO2
20040037,Aleksa Stancic,13S112OO2 13S112POOP 13S041OE 13S112ASP2 13S114PRS
20060158,Julija Zujovic,13S113SAB 13S111PP1 13S112ASP2 13S091UM 13S114PIA
20010349,Bozidar Zagorac,13S112BP1 13S113OS2
20190354,Matija Pavlovic,13S052SIS 13S111P1 13S111PP2 13S112VD 13S112RM1 13S114ZP
20090355,Dusan Janevski,13S111PPK 13S113SS 13S081PM1 13S112OS1
20130711,Biljana Marjanovic,13S114MIPS 13S114PRS 13S091EJN
20140695,Denis Gosic,13S111P1 13S113IS1 13S081PM2 13S113RG 13S053NM 13S111ASP1
20110538,Andrej Labudovic,13S032PMT 13S053NM 13S053NM 13S112OO2 13S111P1 13S111PP2
20080192,Ljubisa Ivanovic,13S052SIS 13S112ASP2 13S113AOR2 13S114VLSI 13S113AOR1
19960635,Darinka Vujovic,13S112ORT2 13S042ODE 13S111PPK 13S114PIA
20150014,Pavle Radojicic,13S112AR
20070566,Maja Janevski,
20100344,Darinka Zarkovic,13S111P2 13S114PP1 13S111P2 13S112BP1 13S111PP2 13S114ZP
19950554,Marija Zeljkovic,13S113AOR2 13S113PSI
20200119,Milena Tosic,13S091UM
20180042,Stefan Stojnic,13S114MIPS 13S112PPK 13S081PM2
20010185,Veljko Cekerevac,13S111P2 13S112POS
19960382,Branislav Pecic,13S112ASP2 13S114MUPS 13S111P1 13S111ASP1 13S111PP1
20000093,Draga Jahic,13S113SAB 13S113RG 13S091UM 13S111PORT 13S091UM 13S053NM
20050097,Andjela Vukotic,13S091S
20120358,Dragana Paunovic,13S112VD 13S053NM 13S112OO2 13S112AR
20160549,Milica Hrustic,13S112OS1 13S113IEP 13S041OE 13S113IS 13S113IS1 13S091EJV
20010643,Ilija Milosevic,
20210688,Andrija Zagorac,13S111ORT1
20070294,Marija Jovicevic,13S111ORT1 13S113IS1 13S112OO2 13S041OE 13S111ORT1 13S114MUPS
20060629,Viktor Trifunovic,13S112BP1 13S113AOR1 13S111PP2 13S113RM2 13S114PMU
20160229,Dunja Vucinic,13S112OO2 13S112RM1 13S042ODE
20120052,Mirko Salovic,13S111PORT 13S112RM1 13S112OO1 13S111RMFP 13S091EJV
20070159,Janko Cirkovic,13S114PIA 13S114IS2 13S114MUPS 13S112OO2
20130732,Tamara Milosavljevic,13S112POS 13S111PPK
20110578,Milijan Zindovic,13S112PPK 13S112VD 13S113BP2 13S111ORT1
19980683,Boris Trifunovic,13S114PMU 13S113SS
19990227,Tadija Eric,13S091EJN 13S113IS1
20070461,Mirko Lezaic,13S114VLSI 13S113SAB 13S112OO2 13S112RM1 13S113IS1
20140404,Sandra Ivanovic,13S114ZP 13S112VD 13S113IEP 13S111RMFP 13S113USP 13S081M2
20180506,Milijan Smolcic,13S111PPK
20010521,Elena Ivanovic,13S112BP1 13S091EJN 13S111P1 13S113RG
19970233,Tijana Ljubisavljevic,13S112RM1 13S091UM
20180683,Sandra Janicijevic,13S111PP2 13S113RM2 13S113PS 13S041OE 13S091S 13S113KDP
20120304,Andrea Marinkov,13S112POS 13S091S
20120306,Andrea Zindovic,13S081M2 13S112VD 13S114MUPS 13S081M1 13S111PP1
20090375,Tadija Aleksijevic,13S113BP2 13S081PM2 13S081PM1
20010677,Biljana Stefanovic,13S091UM 13S112AR 13S111ORT1 13S112POOP 13S111ORT1
19990741,Danilo Pecenicic,13S112BP1 13S114PRS 13S114MIPS 13S113TS 13S111ASP1
19970042,Sava Slavic,
19980332,Branislav Mihajlovic,13S113OS2 13S114MIPS 13S032PMT 13S113IS1
20130199,Damjan Slavic,13S114PP1 13S111ASP1 13S114PP1 13S052SIS 13S091UM 13S091UM
19960034,Andrej Hrustic,13S113AOR2 13S112POS
20130056,Lenka Gajic,13S081M2 13S113SS
20070471,Natalija Ninkovic,13S114PRS 13S112BP1
20040496,Ljubisa Bozanic,13S113KDP 13S052SIS 13S061OF 13S081M1
20140369,Marija Savic,13S081M1 13S113SS 13S112BP1 13S113KDP
20060682,Zarko Tanjevic,13S114VLSI 13S082NAD
20110407,Sava Ilic,13S113SS
20000550,David Djalovic,
20120396,Veljko Radivojevic,13S113IEP 13S112OS1 13S111PPK 13S091S
19980293,Maja Prodanovic,13S114MIPS 13S082VS 13S113PSI 13S052SIS 13S111ORT1
19950560,Nevena Vujcic,13S111PPK 13S111ASP1
19960041,Bogdan Gosic,13S113IEP 13S111P1 13S111PP1
20200346,Sandra Isic,13S111PPK 13S113TS
20130720,Julija Hrustic,13S091EJN 13S112OO2 13S074IOA
20130118,Nevena Tiosavljevic,13S032PMT
20050002,Pavle Djalovic,13S114PIA 13S112POOP 13S111PKR
19960742,Viktor Stamenkovic,
20090009,Zarko Petrovic,13S082NAD
20120578,Tamara Zindovic,13S032PMT
19980400,Nina Grgovski,13S111P2
20160712,Mihailo Jakovljevic,13S112POOP 13S111RMFP 13S114PIA 13S081M2
19960021,Marko Stancic,13S081M1 13S111PKR 13S111ORT1
20150263,Darinka Vucinic,13S112ASP2 13S111PPK 13S113KDP 13S112ORT2
20080136,Danilo Radojevic,13S091EJV 13S074IOA 13S113AOR1 13S091UM 13S112VD
20150085,Ilija Glibetic,13S032PMT
19950686,Sanja Vasovic,
20210550,Petar Grgovski,
20090237,Nikola Grebovic,13S081PM2 13S112VD 13S114PMU 13S112POS 13S113AOR2 13S082VS
20110598,Jona Vukasovic,13S111PP2 13S111PPK 13S113PS 13S113IEP 13S081M2 13S113RG
19980745,Mikan Tokmacic,13S114ZP 13S112PPK 13S081PM2 13S113USP 13S114VLSI 13S114MIPS
20110591,Matija Mako,13S111PP2
19990706,Zora Popov,13S114PIA
20080060,Zeljko Pavlovic,13S114ZP 13S111RMFP 13S112OO1 13S111PP1 13S114ZP
20210116,Luka Turanjanin,13S111PP2 13S081PM1 13S114PIA
20170121,Ljubisa Radivojevic,13S112ORT2 13S112ORT2 13S041OE 13S114PIA
20040105,Sanja Radojicic,13S081M2 13S114PP1 13S111PP1 13S074IOA 13S111PORT
20200385,Mikan Krezovic,
20150414,Lana Lukic,13S082NAD 13S111PKR
20010581,Aleksandra Popadic,
19970264,Milijan Trajkovic,
20190233,Zeljko Popadic,
20120651,Milan Pecic,13S113SAB 13S081PM1 13S113RM2 13S112POOP 13S111PKR
20140458,Tadija Mako,
20130035,Bozidar Novakovic,13S082VS 13S113SAB 13S113SS 13S114PP1
20200059,Zeljko Ristic,13S114MUPS 13S112OO2 13S112POS 13S114PP1 13S081M1
20130541,Nikola Bakoc,13S081M1
20100708,Mihajlo Radojicic,13S113AOR1 13S112ORT2 13S114MIPS 13S111ASP1 13S113AOR2 13S113RG
20170242,Masa Panic,
20200071,Milan Ostojic,13S082NAD 13S113SAB
19970319,Natalija Vukasovic,13S113PSI 13S111RMFP 13S112ASP2 13S114MIPS
20190581,Dusan Tonic,13S111P2 13S112OO2
20130149,Goran Eric,13S091UM 13S113PSI 13S112ORT2 13S113BP2
20180559,Mirko Mitrovic,13S053NM 13S111RMFP 13S112PPK
20170577,Petar Gojkovic,13S081M2 13S114IS2
20090206,Lazar Eric,13S052SIS 13S111PPK 13S041OE 13S113OS2 13S113SAB
20150151,Draga Marjanovic,13S111PP1 13S111PKR 13S112AR 13S113PSI 13S112VD
20170091,Danilo Stojkov,13S082VS 13S114PRS 13S082VS 13S111PORT 13S112VD
19970476,Matija Glibetic,13S113PSI
19970085,Anica Stanojevic,13S081PM1 13S113BP2
20000329,Bozidar Djordjic,13S113IS1 13S111PKR 13S113PSI
20210320,Janko Janicijevic,13S113TS
20040438,Stefan Ostojic,13S091EJV 13S114VLSI
20140388,Mihajlo Djajic,13S061OF 13S112OO2 13S114ZP 13S091UM 13S114PMU 13S114PIA
20180481,Draga Bjekic,13S112OO1 13S111ASP1
20120388,Maja Cekerevac,
20160225,Sasa Bojovic,13S113IEP 13S111P2
20100016,Luka Djosic,13S081M1 13S114MUPS 13S111PP2
19960439,Branislav Brankovic,13S113PS 13S081PM1 13S113RM2 13S114ZP 13S111ORT1
20180162,Bozidar Petrovic,13S114PP1 13S114VLSI 13S113OS2 13S112AR 13S081PM1
20100122,Katarina Stojanovic,13S113SS
20030490,Anica Stankovic,13S112OO1 13S113USP 13S112POOP 13S113KDP
20130008,Teodora Ostojic,13S113OS2 13S114VLSI 13S112POS 13S112POS 13S053NM 13S111P1
20090553,David Tokmacic,13S114PIA 13S113OS2
20040599,Lana Savic,13S111PPK 13S041OE
20130714,Jovan Popadic,13S042ODE 13S114MUPS 13S113RM2 13S112ASP2
20180703,Milan Vujovic,13S091UM 13S114VLSI 13S091EJV 13S112OS1
20140685,David Grujic,
20140019,Draga Obradovic,13S112PPK 13S114VLSI 13S114VLSI
20050219,Julija Miletic,13S113USP
20180081,Natalija Bogdanovic,13S082NAD 13S114PIA 13S061OF 13S113AOR1
20210706,Aleksa Vlajic,13S112POOP 13S113TS 13S113AOR1 13S052SIS 13S111RMFP
20000680,Djordje Stevanetic,13S112POS 13S111PORT 13S081PM1 13S113AOR1 13S113SAB
20040176,Igor Radivojevic,13S061OF 13S114PMU 13S113AOR2 13S111PP1 13S113RG
19970197,Jovana Nenadovic,13S082VS 13S052SIS 13S112PPK 13S113USP 13S111P2
20050249,Tadija Savic,13S114PMU 13S081M1
20060303,Dunja Bakovic,13S091EJV 13S111PORT 13S042ODE 13S113BP2 13S114PP1 13S113IS
20050736,Sasa Petrov,13S113SS 13S111P1 13S081PM1
20030026,Dusica Madic,13S111RMFP 13S111PP1 13S111PPK 13S112PPK 13S112PPK
19990475,Stefan Prodanovic,13S112OO1 13S112BP1 13S112AR
20030455,Darinka Tomic,13S114PMU 13S113USP 13S081PM1
20120370,Dusica Milojevic,13S081PM1
19970116,Aleksandra Salovic,13S111ASP1 13S112OS1 13S111PP1 13S113TS 13S111PP1 13S112OS1
19970691,Uros Kosovac,
20070428,Sanja Zarkovic,13S114VLSI 13S112VD 13S114PIA 13S061OF 13S112OO1 13S113SS
19950073,Sandra Zeljkovic,13S091EJV 13S112AR 13S114PP1 13S042ODE 13S052SIS 13S113KDP
19960594,Zora Bozic,13S114VLSI 13S082NAD 13S112OO1 13S113RG 13S111PP2 13S112VD
20110165,Zeljko Djordjic,13S111ORT1 13S111ASP1
20140533,Anastasija Puric,13S111PORT
20210663,Anica Tasic,13S114PP1 13S052SIS 13S074IOA 13S114PRS
20000563,Mikan Popadic,13S074IOA
20110298,Mihailo Antonijevic,13S111ASP1 13S114IS2
20040669,Lazar Ivkovic,13S112BP1 13S111PPK
20210604,Milijan Stosic,13S112VD
20130323,Dragana Omerovic,13S111PP2 13S081PM2
19980485,Lazar Marjanovic,13S114MIPS 13S112OO2
20040448,Vuk Vucic,
20140309,Nevena Petrov,13S113RG 13S091UM
20170178,Vuk Radojevic,13S112ORT2
19950342,Darko Obradovic,13S112VD
19950653,Sasa Vujcic,13S114MUPS 13S112AR 13S052SIS 13S061OF 13S061OF
20030471,Sara Bojovic,13S114MUPS 13S113IS1 13S091S 13S111ORT1 13S114PIA
20000170,Filip Mladic,13S114VLSI 13S112ASP2 13S111PORT
20060018,Djordje Zagorac,13S114MIPS 13S111ASP1
20080039,Petar Zarkovic,13S112ASP2 13S052SIS 13S113SAB 13S114IS2 13S112OO1
20150169,Goran Stankovic,13S112BP1 13S041OE 13S111ASP1 13S042ODE
19970579,Sava Vasovic,13S081M1 13S112ORT2 13S053NM 13S114VLSI 13S112VD 13S111PP1
20000733,Mirko Zezelj,13S112OO1
20210706,Dusica Vidosavljevic,13S114PIA 13S113AOR1 13S081M1
19980315,Bogdan Zivkovic,13S081PM2 13S112BP1 13S111PKR 13S113KDP 13S112BP1
20070081,Tamara Krezovic,13S113AOR1 13S114PRS 13S112AR 13S112OS1
20200205,Zora Zagorac,13S112PPK 13S081M1 13S081M1 13S112BP1 13S053NM
20110290,Pavle Slavic,13S082NAD 13S113PSI 13S113OS2 13S114PRS
20110232,Branislav Trifunovic,13S053NM 13S042ODE 13S114VLSI
20160520,Mikan Milosavljevic,13S113AOR1
20030623,Julija Ivanovic,13S113IEP 13S111P1 13S113RG
20210528,Jovana Cirkovic,13S081M1 13S111PP1 13S032PMT 13S113USP 13S112OO1
20110189,Tadija Urosevic,13S074IOA
20040529,Andrija Maljkovic,13S081PM1 13S114PMU 13S113RM2 13S114MUPS
20070504,Stevan Puric,13S113RM2 13S111P1
20030346,Aleksandra Milovanovic,13S113SS 13S111P2 13S091UM 13S114VLSI 13S113IEP
20040035,Bogdan Stevanetic,13S052SIS 13S081M2 13S113AOR1 13S113USP 13S042ODE
20010402,Janko Milovanovic,13S111P2 13S112PPK
20120701,Aleksandra Brankovic,13S112VD 13S114PRS 13S112OO2
20160169,Nina Stankovic,13S113IS
20200003,Jelena Rankovic,13S114VLSI
20070555,Milos Stojanovic,13S091EJN 13S111PP1 13S113AOR2 13S091EJN
20130427,Viktor Djordjic,
20030197,Dunja Petrovic,13S042ODE 13S091EJN
20180651,Mateja Jovanovic,13S114PIA 13S112AR
20120021,Bozidar Panic,
19990034,Nemanja Lukic,13S113BP2 13S091EJN 13S114PMU 13S053NM
20210208,Milena Zdravkovic,13S042ODE 13S114PP1 13S032PMT 13S112RM1 13S112OO1
20200453,Uros Vukasovic,13S091EJV 13S113TS 13S113BP2 13S114PIA 13S042ODE 13S113KDP
20050429,Mikan Tiosavljevic,
19990346,Denis Stankovic,13S113PS 13S113IS
20000566,Andjela Djumic,13S113IEP 13S111PORT 13S032PMT 13S112BP1 13S091S
20210535,Sasa Cotra,
20160675,Draga Plasic,
20110427,Milisav Aleksic,13S111ASP1 13S113IS1 13S081M1 13S114MUPS 13S113RM2 13S113OS2
20110385,Masa Nenadovic,13S113RG 13S111RMFP 13S113BP2 13S113SS
19980286,Radomir Kosovac,13S112POS 13S113BP2 13S091UM 13S052SIS
20040716,Sasa Bozanic,13S112OO1 13S091S 13S111RMFP 13S112OS1 13S112PPK 13S113IEP
20030256,Zeljko Vujovic,13S113OS2 13S081M1
20000304,Milisav Jakovljevic,13S113SAB
20190406,David Vujnovic,13S111ORT1
20090235,Biljana Mandic,13S114PIA 13S074IOA 13S112VD 13S111PP2 13S112POS 13S112ORT2
20110277,Zeljko Stojkovic,13S052SIS 13S114IS2 13S081PM2 13S081M2
20150617,Sasa Tokmacic,13S113USP 13S113BP2
20190222,Zarko Bojovic,13S112OS1 13S081PM2
20070176,Stevan Vujcic,13S032PMT 13S112OO1
20030679,Katarina Nikolic,
20020407,Zeljko Gojkovic,13S113TS 13S111RMFP 13S111P1
20090038,Mateja Tanjevic,13S053NM 13S111PKR 13S113BP2 13S113AOR1
19980118,Zeljko Djalovic,13S112OO1 13S081M2 13S112VD 13S114PRS
20110253,Uros Grbic,13S032PMT 13S082VS 13S091S 13S081M1
20070406,Andrej Grgovski,
19990386,Dunja Perlic,13S081PM2 13S111PP2 13S113USP 13S113IEP 13S112OS1
20050004,Jelena Popov,
20050501,Nikola Stojkovic,13S114PP1 13S041OE 13S113PSI 13S111P1
20120196,Stefan Mladic,13S112OO2 13S111PP1 13S113IS 13S113SS 13S112RM1
19980450,Biljana Bubalo,13S114PIA 13S112POOP 13S112OO2
20020620,Mateja Kovacevic,13S113USP 13S081PM1 13S111P1
20080554,Bogdan Stanojevic,13S111P1 13S082NAD
20050613,Sandra Savic,13S032PMT 13S081PM2 13S114MIPS
20200343,Jona Mitrovic,13S113RG 13S052SIS 13S113SS 13S061OF 13S111RMFP 13S042ODE
19970365,Viktor Milosavljevic,13S114PMU 13S081PM2 13S112POS 13S112ORT2
20190748,Dragana Mrdja,13S081PM2 13S112ASP2
20140079,Jelena Celebic,13S112OO1 13S112PPK
19960193,Igor Jahic,
20200442,Ana Runic,13S113AOR2 13S082NAD 13S113PSI
20180469,Milena Popov,13S111PKR 13S114PRS 13S061OF 13S091EJV
20000499,Julija Celebic,13S113IEP 13S113TS 13S112POS 13S113SS
20100348,Radomir Ninkovic,13S112PPK
20140727,Mirko Stojanovic,13S091EJN 13S113USP 13S113SS 13S091UM 13S113RG 13S111P1
20080148,Matija Milojevic,13S113BP2 13S114ZP 13S113KDP
20140550,Stevan Spasojevic,13S111P2
20130041,Jona Antonijevic,
20170746,Anica Vlajic,13S074IOA 13S113RM2 13S113KDP
20050504,Dragana Grujic,13S091UM 13S114ZP 13S111P2 13S082NAD 13S112ORT2
20020604,Lana Jankovic,13S042ODE 13S113RG 13S112ORT2 13S113SS
20210641,Ivan Trifunovic,13S113IEP 13S112ORT2 13S114PP1 13S111PORT 13S081PM1 13S113AOR1
20200405,Zeljko Madic,13S111ASP1 13S113RG 13S112PPK 13S113RM2 13S091UM 13S113BP2
20040468,Marija Mrdja,13S114MIPS 13S111PP2
19990341,Janko Bakovic,13S112POS 13S112AR 13S112AR 13S112AR
20100517,Djordje Stankovic,13S042ODE 13S113BP2
20170731,Sergej Obradovic,13S114PP1 13S081M1 13S112OO1 13S113SS 13S113IEP
20010021,Sergej Radenkovic,13S114MIPS 13S111PKR
20010338,Mateja Milovanovic,13S114PRS 13S091S 13S113TS 13S112OS1 13S113USP
20160457,Viktor Milicevic,13S113BP2 13S111RMFP 13S111P2
19970519,Katarina Panic,13S112PPK 13S111PORT 13S112POOP 13S111PKR 13S113AOR1 13S113IS1
20170336,Damjan Smolcic,13S113IS 13S112VD 13S111P1 13S113IS 13S113AOR2 13S112VD
20020306,Anica Celebic,13S114PMU 13S091UM 13S114MUPS 13S113PS
20150220,Mihailo Jahic,13S114PIA 13S113IS 13S114PRS 13S112PPK
20210601,Sava Arsenovic,13S081PM1
20070309,Biljana Popov,13S111PKR
19980745,Milan Kreckovic,13S114PP1 13S113RG 13S111ORT1 13S032PMT 13S114PMU
19990279,Zora Celebic,13S091EJV 13S112ASP2 13S113KDP 13S081PM2
20160134,Danilo Urosevic,13S113BP2
20160217,Veljko Vlajic,13S111PP1 13S112OS1
20050613,Sasa Slavic,13S112BP1 13S111ASP1 13S052SIS 13S074IOA 13S113RG
20020329,Mihailo Kosovac,13S114PIA 13S112ASP2 13S114MIPS 13S091UM 13S074IOA
20040149,Zarko Joksic,13S111P2
19980183,Ana Marija Trifunovic,13S112POS
19990454,Stevan Vidosavljevic,13S113SS 13S112OS1 13S112ASP2 13S113BP2 13S112POS
20040025,Teodora Dimitrijevic,13S081PM2 13S112OS1 13S113RM2
20120179,Andrija Lezaja,13S042ODE 13S112OS1
19960120,Nemanja Stanojevic,
20060306,Mihajlo Pirgic,13S113SS 13S113SS 13S113SS 13S112PPK 13S114PIA 13S042ODE
20130074,Jona Ostojic,13S112BP1 13S111ORT1 13S112RM1 13S112PPK 13S113AOR1 13S114MIPS
20110524,Mihailo Bozanic,
20020560,Dragana Bakovic,13S112AR 13S113USP 13S113RM2 13S081PM1 13S052SIS 13S091S
20210522,Sergej Gavrilovic,
20120721,Elena Nenadovic,13S061OF
19950424,Draga Rankovic,13S111PP2 13S113SAB
20050362,Milica Ivkovic,13S111P1 13S112OO2 13S052SIS 13S113PS 13S074IOA 13S114PRS
19960163,Goran Hrustic,13S112OO2 13S081M1 13S111ASP1 13S114MIPS 13S111P1
20140276,Ilija Prodanovic,13S081M1 13S091UM
19970314,Nina Stosic,13S061OF 13S114MIPS 13S111ORT1 13S111ORT1 13S114PMU
20110533,Milisav Djeric,13S114MUPS
20080682,Sergej Djordjic,13S111ASP1 13S111P1 13S061OF 13S114ZP 13S111PORT
20160254,Milisav Smolcic,
20140104,Biljana Stosic,
20150031,Sasa Vasic,13S113AOR1 13S081M2 13S112ASP2 13S111P2
19990332,Vladimir Grebovic,13S111PPK 13S061OF 13S091UM 13S111ASP1 13S113RG
20130071,Elena Krezovic,13S091EJV 13S111PKR 13S113AOR2 13S081M1
20190379,Veljko Paunovic,13S111ORT1 13S112OO2
19970568,Sasa Bojovic,13S081PM1 13S113AOR2 13S111PP1
19980518,Tamara Zarkovic,13S112ASP2 13S113AOR2 13S113AOR1 13S114PMU
20100552,Vladimir Nikolic,13S081M1 13S112RM1 13S113SS
20000233,Mikan Rankovic,13S111ASP1 13S113IS 13S114PRS
20170173,Djordje Spasojevic,13S112VD 13S114PIA
20160656,Draga Paunovic,13S113RG
20080128,Mihailo Stevanetic,13S113IS 13S112ORT2
20140088,Dusan Djukic,13S113SAB 13S091S 13S114PIA 13S082NAD 13S091EJN 13S081PM2
20020505,Jelena Obradovic,13S111ASP1 13S113PSI 13S113TS 13S113IS
19960404,Draga Grebovic,13S112OO2 13S091EJV
20130319,Ivan Vucic,13S114PIA 13S113IS1
20070077,Kosta Popov,
20010083,Jona Linic,13S113OS2
20140737,Stefan Ostojic,13S113RG 13S052SIS 13S112ORT2
19970596,Teodora Cirkovic,13S111PP2 13S112RM1 13S113OS2 13S111PORT 13S041OE
20150676,Tijana Madic,13S114PIA 13S081M2 13S114IS2 13S111PPK 13S113AOR2 13S081PM1
20110226,Sara Novakovic,13S113KDP 13S112RM1 13S113AOR1 13S113IS1
20120495,Milan Arsenovic,13S112ORT2 13S112AR 13S114MUPS 13S091EJV 13S113SS
20000385,Andjela Ljubisavljevic,13S114PRS 13S113AOR2 13S113USP 13S113PS 13S113PSI 13S113PS
20180204,Ana Marija Labudovic,13S114VLSI 13S113KDP 13S113AOR1 13S081M1 13S081PM2
20060213,Draga Puric,13S112OO2 13S112BP1 13S114PRS 13S091EJV 13S032PMT 13S112OS1
20170671,Anastasija Perlic,
20090248,Tamara Plasic,
19950691,Marko Stevanetic,13S113OS2 13S032PMT
20150540,Sava Tonic,13S113BP2 13S114PMU 13S112OO2 13S113RM2 13S114VLSI
20010507,Radomir Tonic,13S114PP1 13S111P2 13S041OE 13S113AOR2
19950281,Teodora Vukasovic,13S114IS2
20050044,Matija Zujovic,13S053NM 13S081M1 13S053NM 13S111RMFP 13S091EJN 13S114PP1
20150672,Nina Cotra,
20210605,Bogdan Runic,13S112OS1 13S032PMT 13S111PORT 13S112BP1 13S113TS
20160424,Aleksandra Milanovic,13S114IS2 13S111P1
20110369,Sara Ilic,13S113TS 13S112ORT2
20180249,Milisav Spasojevic,
19990368,Darinka Djordjevic,13S053NM
19950091,Milos Pecic,13S113IEP 13S061OF 13S111P1
19980176,Uros Krezovic,13S112POOP 13S114ZP 13S091EJV 13S111P1 13S113PSI
20140692,Mikan Nicic,
20110247,Andrej Trajkovic,13S113KDP 13S111RMFP 13S113OS2 13S111PPK
20210085,Tamara Prodanovic,13S114PP1
20110233,Denis Bakovic,13S113SAB
20170224,Zarko Jovicevic,13S081PM2
19960388,Branislav Radenkovic,13S111PPK 13S081PM2 13S091EJN 13S112AR
19980371,Tijana Tanasijevic,
19960237,Dusan Kreckovic,13S114PMU 13S113PS 13S112AR
20030140,Mateja Urosevic,13S113IEP 13S091EJN 13S061OF 13S112ASP2
20200605,Pavle Bogdanovic,13S111PP1 13S113KDP 13S082NAD
20020176,Bogdan Turanjanin,13S113KDP 13S111PORT 13S081M2 13S114MIPS
20180511,Sandra Jovicevic,13S112RM1 13S113BP2 13S032PMT
20140005,Katarina Pirgic,13S081M1 13S081PM2 13S111PPK 13S114ZP 13S113AOR1
20020495,Sofija Vujovic,13S114PRS 13S112ORT2 13S114MUPS 13S113PSI 13S053NM 13S082NAD
20070423,Marija Kosovac,
20040680,Veljko Stojkovic,
20190249,Milos Jahic,13S112RM1 13S113AOR1 13S081M2 13S081PM1 13S114MUPS
20200327,Katarina Spasojevic,13S111ASP1 13S114MIPS 13S113RM2 13S114MUPS
20130416,Tijana Vujic,13S112ORT2 13S081PM2 13S113BP2 13S113IEP 13S041OE
20190562,Dunja Djalovic,13S114PIA
20050270,Ana Marija Bojovic,13S114PIA 13S091EJV
20200291,Jovan Vukasovic,13S113RM2 13S113AOR1 13S113PSI
20190704,Petar Ilic,13S061OF
19970248,Viktor Djajic,
19980692,Goran Djalovic,
20150291,Branislav Djajic,13S113IEP 13S113AOR1 13S114ZP 13S061OF
20060060,Darko Milosavljevic,13S112ORT2 13S113IS
20210359,Draga Milicevic,13S032PMT
20150412,Nevena Brankovic,13S113KDP
20020145,Ivan Aleksijevic,13S114ZP 13S111ASP1
20130694,Igor Zagorac,13S111PPK
20120371,Stevan Tonic,13S113IS1 13S113PSI
20060556,Bozidar Vucinic,13S053NM 13S091EJV 13S112ASP2 13S112OO1
20070270,Sanja Djalovic,13S082VS 13S091S 13S114PP1 13S081PM1 13S112VD 13S113AOR2
19990045,Lenka Novakovic,13S114MIPS 13S112PPK 13S114IS2
20060224,Danilo Joksic,13S112POOP 13S112RM1 13S111ASP1 13S091S
20050409,Mihailo Vlajic,13S111RMFP 13S113RG 13S111PPK 13S111PKR 13S114PP1 13S074IOA
20160186,Andrej Ivkovic,13S111PP2 13S081M2 13S112OO2 13S111PP2 13S111PORT
19960303,Darko Gosic,13S112BP1 13S112OO1 13S111PPK 13S113AOR2 13S111P1 13S113AOR2
20100591,Petar Bozovic,13S091S
20010517,Masa Hrustic,13S113KDP 13S112ASP2 13S111RMFP 13S091UM 13S041OE
20170313,Dusica Omerovic,13S112OO2 13S112PPK 13S112AR
20150410,Masa Ninkovic,13S112PPK 13S113AOR1 13S112VD 13S113PSI
20210284,Nina Milojevic,
20120549,Marko Maljkovic,13S032PMT
20150575,Katarina Radojevic,13S114PP1 13S112RM1 13S111PKR 13S112OS1
20120167,Sergej Vucic,13S114PIA 13S082VS 13S111PORT 13S113PSI 13S041OE
20110458,Milijan Paunovic,13S113TS 13S113AOR2 13S091S 13S081M1 13S111RMFP 13S113IEP
20040088,Mateja Bozovic,
20150093,Bozidar Kovacevic,13S091S 13S111ASP1 13S113AOR1 13S111ORT1
20000031,Jovan Novakovic,13S111PP1 13S112POOP 13S113TS
20130448,Draga Perlic,13S112POS
20140361,Sergej Kalinovic,13S091S 13S082NAD 13S112RM1 13S112PPK 13S041OE 13S113PS
20170659,Sandra Djumic,13S091EJV
20070178,Anica Radenkovic,13S113SAB 13S111RMFP 13S113IS1 13S114MIPS 13S111PP2
20170543,Sofija Popovic,13S114PP1
20050631,Veljko Lukic,13S091UM 13S114PRS 13S114MIPS 13S112VD 13S113USP
20190694,Mihailo Krstic,13S112OO1 13S113PS 13S041OE 13S114PRS 13S091UM 13S112BP1
19970578,Matija Mladic,13S111P2 13S111PP2 13S114MIPS 13S112VD 13S112PPK 13S113PS
20160454,Goran Gajic,13S112AR 13S111ORT1 13S042ODE 13S091UM 13S113AOR1
20010150,Julija Djordjic,13S113BP2 13S082VS 13S091EJN 13S082VS 13S112ORT2 13S091EJV
20110057,Mirko Salovic,13S113BP2 13S112POS
20030273,Jovan Mihajlovic,
20150640,Petar Runic,
20100358,Tadija Omerovic,13S112POS 13S113RG 13S113BP2 13S113PS 13S042ODE 13S082VS
20150058,Stefan Milojevic,13S112POS 13S113TS 13S114PIA 13S082VS
20070561,Dunja Pirgic,
20140281,Anica Maric,13S081PM2 13S053NM 13S112POOP 13S114MIPS
20000205,Sergej Stamenkovic,13S032PMT 13S111RMFP 13S061OF 13S113IS1 13S112ORT2 13S112RM1
20090355,Filip Rankovic,
20070318,Marija Tokmacic,13S113PS 13S111PORT 13S053NM 13S112ASP2 13S112VD 13S113AOR1
20030721,Sergej Slavic,13S042ODE 13S111ASP1 13S113PS
20040666,Lana Mitrovic,13S032PMT 13S112ASP2 13S081M2 13S112OS1 13S113PSI
20070265,Dragana Vasic,13S082VS 13S052SIS 13S081PM1 13S112POS 13S112PPK
20210747,Vuk Ninkovic,
20020643,Milijan Eric,13S113RG 13S091S 13S032PMT 13S111PORT 13S113USP 13S081PM1
20120547,Aleksandra Djosic,13S111ORT1 13S111ASP1 13S113KDP
20070303,Natalija Vujovic,13S113OS2 13S111ASP1 13S091EJN
19990276,Anastasija Kreckovic,13S041OE
20080602,David Mako,13S041OE 13S082NAD 13S111PKR 13S114PP1 13S111P2
20010118,Natalija Zeljkovic,13S113OS2 13S114PIA
20160477,Biljana Radojicic,13S091EJV 13S081PM1
19970244,Aleksa Brzakovic,13S112POOP 13S111ORT1 13S112POOP
20030016,Biljana Kalinovic,13S091EJN 13S113AOR2 13S111P1 13S111PORT 13S111RMFP 13S114MIPS
20100309,Zarko Bogdanovic,13S114MIPS 13S061OF 13S113BP2 13S053NM 13S053NM 13S113TS
19960050,Jovana Pecic,
20050726,Dragana Glibetic,13S113PS 13S113PS 13S091S 13S081M2
20070272,Dunja Rankovic,
20140720,Dusica Petrovic,13S114MIPS 13S113USP 13S082VS
20010047,Vuk Slavic,13S114MUPS 13S113IS 13S052SIS 13S114MUPS 13S113IEP
20010012,Damjan Tasic,13S112ASP2 13S112POOP 13S112ASP2 13S112OO2
20210329,Igor Djordjevic,
20000388,Dusica Milinkovic,
20210399,Pavle Pavlovic,13S061OF 13S113IS 13S112RM1 13S074IOA 13S081PM2
20110027,Danilo Cirkovic,13S111PKR 13S113BP2
20100743,Jovan Vasovic,
20000044,Marko Zelic,13S114IS2
20080608,Marija Djukic,
19990635,Dunja Stamenkovic,13S113IS1 13S042ODE 13S114PIA 13S091UM 13S113IS1
20040677,Igor Panic,
20160326,Zeljko Brankovic,13S114VLSI 13S112OS1 13S113SAB
20040703,Vuk Mitrovic,13S113RG 13S111P2 13S114VLSI 13S114PMU 13S114PIA 13S113AOR1
20110670,Nina Tasic,13S114MIPS 13S061OF 13S111P1 13S042ODE
20070152,Zeljko Zecevic,13S112AR 13S091EJV 13S111RMFP 13S113IS1 13S114PMU 13S082NAD
20110704,Lenka Paunovic,
20120626,Jovana Zezelj,13S112OO1 13S081PM2 13S111ORT1 13S113SS 13S112POS
20140322,Andjela Jankovic,13S113USP 13S042ODE 13S114PIA 13S091S 13S113OS2
20210042,Nikola Novakovic,
20170186,Petar Tomic,13S112AR
20170223,Milica Mladic,13S113IEP 13S113RG 13S111PP1 13S113KDP
20210747,Ivan Mako,13S111PKR 13S114MUPS 13S112OO2 13S114PRS 13S112ORT2 13S111RMFP
20140709,Draga Nicic,13S113AOR1 13S114MIPS 13S112POS 13S114IS2 13S112OO2
20040259,Denis Avakumovic,13S081PM1 13S081M2 13S113RG 13S114IS2
20000148,Andrea Turanjanin,13S061OF
20000412,Natalija Grujic,13S114ZP 13S114MIPS 13S081PM1 13S114IS2
20140225,Mateja Zelic,13S111PPK 13S081PM2 13S113AOR1
20100576,Goran Mladic,13S082NAD 13S113RG 13S042ODE 13S113AOR1 13S111ORT1 13S113SS
20070168,Julija Milosavljevic,13S041OE
20210708,Mihajlo Zujovic,13S111P1 13S113AOR1
20110340,Matija Grbic,13S113SS 13S082NAD
20100350,Matija Djordjevic,13S082VS
20200255,Uros Stojkovic,
20190229,Aleksandra Jahic,13S112AR
20160305,Matija Milinkovic,13S113IEP 13S113AOR1 13S091S 13S112POOP 13S091UM
20100249,Sofija Ivkovic,13S113SS 13S113PS 13S111PORT
19960748,Lana Brzakovic,13S113SAB 13S091S
20180110,Zarko Stamenkovic,
20050465,Ana Grbic,13S114VLSI
19970443,Jelena Omerovic,13S112PPK 13S081PM2 13S112OS1 13S081PM1 13S111PPK 13S112POOP
20060736,Nina Cekerevac,13S082NAD
20120669,Tamara Popov,13S113SS
19950457,Dusica Vujnovic,13S032PMT 13S111PP1
20030001,Mateja Bakovic,13S112OO2