Indeks,Student,Ispiti
19960146,Elena Stefanovic,13S113AOR1 13S113OS2 13S112RM1
20010632,Dunja Omerovic,13S032PMT 13S114IS2 13S114PIA 13S111ASP1 13S113AOR1
20040255,Andrija Grgovski,13S111PPK 13S113RG 13S114PMU 13S112OS1
19990645,Marija Savic,13S113KDP 13S113RG
20110030,Nikola Lukovic,
20150743,Sara Gavrilovic,13S111P2 13S113PSI 13S113AOR1 13S082NAD
20200150,Vladimir Zagorac,13S114PP1
20180094,Denis Grgovski,13S113RG 13S042ODE 13S113BP2
20080141,Nevena Janevski,13S111PPK 13S114MIPS 13S082NAD 13S061OF
20000677,Filip Bakoc,13S113OS2
20020657,Damjan Brzakovic,13S111ORT1
20140716,Milos Trifunovic,13S114PRS 13S112BP1
20170659,Zarko Tasic,13S081M2
19980194,Dunja Vidosavljevic,13S112ASP2 13S111PORT
20140626,Ana Celebic,13S111PP2 13S061OF
20200097,Milijan Arsenovic,13S113OS2 13S091EJN
19960325,Igor Markovic,13S111RMFP 13S112PPK 13S111RMFP 13S114VLSI 13S113KDP
20120193,David Joksic,13S112ASP2
19990242,Lazar Stojkov,13S114MUPS 13S113AOR1 13S113RG 13S091EJV 13S112OO2 13S113RM2
20180321,Andrea Tonic,13S052SIS 13S112OO1 13S082NAD
20200319,Dunja Aleksijevic,13S113AOR2 13S113TS 13S111PORT 13S114VLSI
20070292,Zarko Ninkovic,13S041OE 13S052SIS 13S111PP2 13S113RG
19970468,Veljko Bojovic,
20190225,Milica Vlajic,
20030448,Damjan Kalinovic,13S112PPK 13S113KDP
20190718,Luka Glibetic,13S112RM1
19970691,Danilo Stojanovic,13S114MIPS 13S053NM 13S113OS2 13S112POS 13S082NAD
20120009,Darko Mladic,
20130466,Sasa Ivkovic,13S113IS 13S052SIS 13S112OS1
20160151,Bogdan Slavic,13S052SIS 13S081M1 13S112RM1
20170158,Elena Savic,13S113KDP 13S114PRS 13S112ASP2 13S112ORT2 13S112AR 13S113PSI
20170609,Pavle Lukic,
20120366,Pavle Gosic,13S074IOA 13S114VLSI 13S111PP2 13S114VLSI 13S111PPK
20050377,Ivan Mihajlovic,13S113IS
20160694,Milan Vasovic,13S114PRS
20030227,Petar Salovic,13S081M1 13S113SS 13S113BP2
19990072,Mihailo Eric,13S112OS1
20180274,Teodora Cekerevac,13S112OO2 13S112ASP2 13S081PM2
20120581,Nevena Vasic,13S111P1 13S111P2 13S042ODE 13S112ASP2 13S091EJV 13S113RG
20190091,Mikan Djajic,13S111P2 13S113AOR1 13S091S
20010318,Milisav Joksic,13S112ASP2 13S114PIA 13S113PSI 13S113USP
20050670,Sara Celebic,
20000014,Zarko Maljkovic,13S114ZP 13S074IOA 13S112AR 13S111RMFP
20100589,Milica Despotovic,13S113AOR1 13S113RM2 13S111PKR 13S111PP2 13S091S 13S113USP
20150324,Djordje Ljubisavljevic,13S114MUPS 13S082VS
19950504,Lana Pavlovic,
20010362,Sava Vukasovic,
20100743,Goran Milojevic,13S074IOA 13S113SS 13S111PP2 13S112OS1 13S112ASP2
19970560,Biljana Eric,13S032PMT 13S113SAB 13S081PM2
20040645,Jona Vujnovic,13S091EJN 13S111PP1 13S113IEP 13S113PSI 13S112RM1 13S091EJN