Indeks,Student,Ispiti
20130024,Katarina Grujic,13S112POOP 13S112OO1 13S112VD 13S111P2
20080610,Zora Maljkovic,13S032PMT 13S114PIA 13S111ASP1
20120629,Darinka Zarkovic,13S112POOP 13S113TS 13S114PRS 13S114PP1
19980654,Mateja Djosic,13S113OS2 13S112ORT2
20210005,Stevan Grgovski,13S114MUPS 13S112PPK 13S061OF 13S053NM 13S114MIPS 13S074IOA
19980186,Marija Stancic,13S113IS 13S112PPK 13S112POOP 13S113AOR2 13S113TS
19960612,Milijan Vasic,13S074IOA
20040528,Andrija Grebovic,13S053NM
20170747,Stevan Milosevic,13S082VS 13S112ASP2 13S111PP1
20070491,Andjela Djordjevic,13S112OS1 13S061OF 13S114PMU 13S113TS
20200265,Elena Trifunovic,13S081PM1 13S114PRS 13S041OE 13S114ZP 13S112OO1 13S114MIPS
20070591,Djordje Milojevic,
19970738,Pavle Bjekic,13S111RMFP 13S111ORT1 13S081M1 13S091S 13S113RM2 13S081M1
20140647,Goran Djuric,13S081PM2
20170402,Jovana Bakoc,13S091UM 13S113IEP 13S114PMU
20150004,Mikan Radivojevic,13S113AOR1 13S113TS 13S111ASP1 13S112POS
19980705,Darinka Antonijevic,13S113OS2 13S111P1 13S113AOR1 13S113OS2 13S061OF
20200120,Marko Djosic,13S112VD 13S111PORT 13S111PKR 13S111ASP1 13S113IS1 13S042ODE
19950217,Goran Glibetic,13S114IS2 13S113BP2 13S112RM1
20080041,Goran Vasovic,13S113PSI 13S053NM 13S112OO2 13S113SS 13S111PPK
20160630,Tadija Dimitrijevic,13S112POS 13S082VS
19970175,Milena Runic,13S091UM
20090085,Filip Lezaja,13S113BP2 13S113PSI 13S114PP1 13S042ODE 13S112OO2 13S081M2
20020080,Maja Milovanovic,13S112BP1 13S082VS 13S111ASP1 13S113PS 13S114PMU 13S114VLSI
20070602,Ivan Spasojevic,13S111P1 13S111PKR 13S081M1 13S112POS 13S113USP
20140342,Jovana Paunovic,13S081M1 13S114PP1 13S113AOR2 13S113TS 13S113AOR2 13S114ZP
20210459,Anica Stojanovic,13S042ODE 13S091EJN 13S112BP1 13S113IS 13S114PIA
20100699,Draga Milovanovic,13S112ASP2 13S113IS1 13S111ASP1 13S112BP1
20030696,Dragana Mladic,
20030554,Vladimir Milojevic,13S112OS1 13S052SIS
20020207,Tadija Krezovic,13S112RM1 13S113RG 13S113TS
20070197,Dusan Bubalo,13S091EJV 13S113PSI
20200222,Igor Ostojic,13S061OF 13S082VS 13S091EJN 13S053NM
20040050,Radomir Pecic,13S111PORT
20100459,Dusica Dimitrijevic,13S042ODE 13S113SS 13S113TS
19990628,Ljubisa Pirgic,13S111PP2 13S114ZP 13S113IEP 13S113AOR2
19980055,Zarko Djajic,13S032PMT
20210212,Djordje Stancic,
20050068,Jovana Bakoc,13S074IOA 13S113USP 13S112POOP 13S081M2
20020052,Aleksandar Bozanic,13S041OE 13S113USP 13S081M2 13S111RMFP 13S113OS2 13S061OF
20190218,Bozidar Vasic,13S061OF 13S114PRS 13S081PM1
20120247,Bozidar Tiosavljevic,
20030372,Bozidar Jovicevic,13S113KDP 13S081PM2 13S082NAD 13S114PIA 13S091EJV 13S114MIPS
19950286,Andrej Djukic,13S091S 13S112RM1 13S113IS 13S113AOR1 13S111ORT1 13S113OS2
20170606,Anica Lezaic,13S111P1
20040308,Marija Milosavljevic,13S112POS 13S114VLSI 13S112OO2 13S113IS1 13S113IEP 13S111PORT
20040690,Denis Slavic,13S081PM1 13S113USP
20030560,Draga Vucic,13S082VS 13S111PPK 13S112POS 13S113RM2 13S113SS
20070172,David Joksic,13S112OO2
20000724,Dunja Vujic,13S113PSI
19960723,Sasa Bogdanovic,13S114PP1 13S081M2 13S113BP2 13S113IS 13S091EJV
20080324,Petar Djalovic,13S112PPK 13S113RM2
20060585,Aleksa Janicijevic,13S091S 13S114PIA 13S111PPK
19950647,Katarina Smolcic,13S091EJV 13S111PKR 13S113PSI 13S112PPK 13S112BP1
20170027,Zeljko Vujnovic,13S113PS 13S112AR 13S113IS 13S113KDP 13S111PORT
19970377,Natalija Trajkovic,13S111P1 13S081M2 13S091EJN
20180240,Nevena Markovic,13S081PM2 13S091EJV 13S111P2 13S052SIS
20160004,Zarko Ilic,13S112PPK 13S061OF 13S113SAB 13S061OF 13S114PMU 13S041OE
20170705,Sergej Grgovski,13S082NAD 13S113AOR1
20030046,Ana Marija Grbic,13S113KDP 13S082VS 13S112ORT2 13S061OF 13S091UM 13S112AR
20070667,Dusan Joksic,13S113IS 13S111RMFP
19990007,Dragana Lezaic,13S091EJN 13S114PRS 13S114PP1
20080452,Goran Pirgic,13S111PP2 13S111PORT 13S111PP1 13S111P2 13S111PP2
20050072,Teodora Novakovic,13S113RM2 13S113BP2 13S114PIA 13S111PKR 13S111P1
20160614,Radomir Slavic,
20200581,Aleksa Marinkov,
20040347,Mateja Bozovic,13S111ASP1 13S114PRS 13S053NM 13S052SIS 13S113RM2 13S113IS
20190743,Viktor Djordjevic,13S041OE
20190222,Mirko Gojkovic,13S113PSI 13S111PPK 13S112VD
20210456,Darko Vukasovic,13S111PPK 13S111PPK
20130121,Andrej Isic,
20030343,Tadija Zezelj,13S114PIA 13S112PPK 13S081M1 13S114IS2
20190480,Maja Despotovic,13S111PKR 13S114MIPS 13S112ASP2 13S114PRS 13S081PM2 13S081M1
20040393,Milan Nicic,13S114PP1 13S091S 13S113IS1 13S113PS 13S111PP1 13S111ORT1
20110644,Goran Nikolic,
20070620,Milica Maljkovic,13S114VLSI 13S111ORT1 13S112ORT2 13S111RMFP 13S114MIPS
20200703,Vuk Zagorac,13S113IEP
20110137,Ljubisa Milicevic,13S114VLSI 13S113AOR2 13S053NM 13S112VD 13S114VLSI
20060529,Sava Stevanetic,13S042ODE 13S112POOP 13S091EJV 13S091UM 13S114IS2
20160302,Draga Nicic,13S114PMU
20210341,Natalija Janicijevic,13S082VS 13S112OO2 13S113RG 13S112OO1 13S082NAD
19990516,Mikan Obradovic,
20190108,Mateja Milosavljevic,13S081PM2 13S041OE 13S112AR 13S113SAB 13S112POOP
20160448,Ljubisa Savic,13S081M1 13S091S 13S114ZP 13S113PS 13S114PRS 13S061OF
20180010,Zarko Milovanovic,13S114ZP 13S082VS
20090538,Bozidar Zeljkovic,13S082VS
20020211,David Vucic,13S114ZP 13S113OS2 13S111ORT1
20020577,Sava Krezovic,13S114PP1 13S111PKR 13S111PPK 13S114PMU 13S041OE 13S113IEP
20070494,Viktor Mihajlovic,13S114PRS
20200628,Sara Grbic,13S112VD 13S114PRS 13S081M2
20030276,Nina Trajkovic,13S112POOP 13S113OS2 13S111P2 13S113AOR2
20030161,Janko Grgovski,13S113RG 13S114VLSI 13S081PM2 13S113RG
20150593,Sofija Prodanovic,13S113KDP 13S113KDP 13S112OS1 13S114IS2 13S081M1 13S114IS2
19980085,Filip Tosic,13S114PP1 13S042ODE 13S091S 13S112AR
20010200,Ilija Milosavljevic,13S081PM2
20200435,Milena Ivkovic,
20120352,Pavle Despotovic,13S082VS 13S113BP2 13S112ASP2 13S081PM1 13S112ASP2
20120132,Lenka Perlic,13S091EJN
20000312,Viktor Bakoc,
20150562,Mikan Curguz,
20050698,Andrija Bakoc,13S112ORT2 13S112AR
20040090,Viktor Dimitrijevic,13S114PMU 13S113RG
19950639,Ljubisa Curguz,13S082NAD 13S112ORT2 13S111PORT 13S114VLSI 13S113SS
20100583,Ana Tokmacic,13S114PIA 13S091UM 13S114ZP 13S114PIA 13S112OS1 13S032PMT
20100476,Nikola Ognjenovic,13S112OS1
20080478,Andjela Turanjanin,13S091UM 13S112VD 13S112POOP
20140592,Nevena Mako,13S111PP1 13S081PM2 13S111ASP1 13S114MIPS 13S111PP1
20000686,Ljubisa Mandic,13S112OO1 13S111PORT 13S091UM 13S081PM1 13S052SIS 13S114MIPS
20080399,Anica Djukic,13S112POOP 13S081PM2 13S091UM 13S113SAB
20050125,Denis Stojkovic,13S112OO1 13S113PSI 13S112POS
20050657,Kosta Milanovic,13S111RMFP 13S052SIS 13S053NM
20150472,Kosta Tosic,13S081PM2 13S114PMU 13S113AOR1 13S114PRS 13S114PMU 13S112AR
20170709,Boris Brzakovic,
20040219,Mikan Novakovic,13S113OS2 13S112POOP 13S091UM 13S112PPK
20010247,Masa Cirkovic,13S112AR 13S112BP1 13S091S 13S053NM 13S114PP1
20150457,Ivan Djajic,13S114PIA 13S081PM2 13S113RM2 13S111P2 13S113PSI 13S111ORT1
20060641,Milica Mrdja,13S114VLSI
19990505,Maja Milovanovic,
20180306,Jovana Stosic,13S112BP1 13S111P2 13S112OO2 13S082VS
20080541,Mihailo Lezaic,
20140664,Masa Djuric,13S111RMFP 13S111PPK 13S114VLSI 13S114PP1
20030249,Aleksandar Radojevic,13S112RM1 13S081PM1 13S113IS 13S111PKR 13S114MUPS
20150569,Goran Jahic,13S114PRS
20120051,Mihajlo Ognjenovic,13S111PPK 13S112BP1 13S113RM2 13S111PKR 13S113PS
19960315,Draga Zdravkovic,13S113IS 13S111P2
19960570,Ivan Tiosavljevic,13S113AOR2 13S081M1 13S111PORT 13S041OE 13S112RM1 13S112OO2
20080171,Ilija Popadic,13S081PM1 13S042ODE
20070637,Milan Grgovski,13S112POS 13S112POS 13S111PP2 13S112RM1 13S081PM1
19990329,Vuk Puric,13S113TS 13S112OS1 13S114VLSI 13S113OS2 13S113SAB 13S081M2
20010722,Sanja Milovanovic,13S082VS
19950269,Marija Vujovic,13S114PP1
20020594,Mihailo Zelic,13S111PP1 13S114PIA 13S113IS 13S042ODE 13S111PP1
20020727,Aleksa Joksic,13S112OO2 13S032PMT 13S114VLSI 13S081M1
20190236,Aleksandra Labudovic,13S113SAB 13S112RM1
20050465,Ana Mako,13S091UM 13S081M2 13S112POOP
19950397,Dunja Paunovic,13S112OS1 13S113RM2 13S112BP1 13S081PM2 13S112ASP2
20080435,Ana Marija Tanasijevic,13S091EJN 13S081PM1 13S061OF 13S081M2 13S112OO2 13S112POOP
20090401,Darinka Dimitrijevic,
20110270,Ilija Krstic,13S053NM 13S113PS
20020363,Vuk Turanjanin,13S053NM 13S032PMT
20120294,Mihailo Stevanovic,13S113IEP 13S111PKR 13S042ODE 13S114PMU
20170528,Sofija Popadic,13S091S 13S052SIS 13S111PORT 13S112VD 13S113IS 13S114MIPS
20080437,Katarina Stosic,13S091S 13S053NM 13S112AR 13S111ORT1 13S042ODE 13S091UM
20100067,Goran Ninkovic,13S091UM 13S081M1
20090725,Zora Aleksijevic,13S032PMT 13S113RG 13S111PPK
20200372,Dusan Obradovic,13S111PPK 13S113IEP
20120070,Igor Bozovic,13S112OS1 13S113SS 13S112PPK 13S074IOA
19960497,Darko Tiosavljevic,
19950498,Bozidar Bubalo,13S081M2 13S053NM
20210670,Petar Bozovic,13S111PPK 13S041OE