Indeks,Student,Ispiti
20190727,Andrea Mandic,13S111PP2
19950415,Nevena Jahic,13S113PS 13S112POS
20200415,Teodora Bakovic,13S111PPK 13S081PM1 13S042ODE 13S091UM
19980243,Aleksa Petrovic,13S113IS 13S114VLSI
20020333,Darinka Popadic,13S111RMFP 13S114PRS 13S112AR
20180486,Denis Vidosavljevic,13S112ORT2 13S113TS
20180070,Damjan Celebic,13S112OS1
19960046,Goran Stefanovic,13S112POS 13S053NM 13S091S 13S113BP2 13S111PP2
20040345,Ljubisa Antonijevic,13S114PIA
19990185,Bozidar Ivanovic,13S113USP 13S112ASP2 13S111P2 13S081M2 13S113BP2 13S113IS1